{
	"credit": "Made with Blockbench",
	"texture_size": [32, 32],
	"textures": {
		"0": "item/custom/chest",
		"1": "item/custom/torso",
		"3": "item/custom/arm",
		"4": "item/custom/headplate",
		"5": "item/custom/head",
		"particle": "item/custom/clockwork_particles"
	},
	"elements": [
		{
			"name": "Chest",
			"from": [0, 6, 1],
			"to": [16, 18, 13],
			"faces": {
				"north": {"uv": [0, 0, 4, 3], "texture": "#0"},
				"east": {"uv": [0, 6, 3, 9], "texture": "#0"},
				"south": {"uv": [0, 3, 4, 6], "texture": "#0"},
				"west": {"uv": [3, 6, 6, 9], "texture": "#0"},
				"up": {"uv": [8, 3, 4, 0], "texture": "#0"},
				"down": {"uv": [8, 3, 4, 6], "texture": "#0"}
			}
		},
		{
			"name": "Torso",
			"from": [2, 2, 2],
			"to": [14, 6, 12],
			"faces": {
				"north": {"uv": [6, 0, 12, 2], "texture": "#1"},
				"east": {"uv": [6, 4, 11, 6], "texture": "#1"},
				"south": {"uv": [6, 2, 12, 4], "texture": "#1"},
				"west": {"uv": [6, 6, 11, 8], "texture": "#1"},
				"up": {"uv": [6, 5, 0, 0], "texture": "#1"},
				"down": {"uv": [6, 5, 0, 10], "texture": "#1"}
			}
		},
		{
			"name": "LeftArm",
			"from": [-4, -6, 5],
			"to": [0, 18, 9],
			"faces": {
				"north": {"uv": [0, 0, 2, 12], "texture": "#3"},
				"east": {"uv": [2, 0, 4, 12], "texture": "#3"},
				"south": {"uv": [4, 0, 6, 12], "texture": "#3"},
				"west": {"uv": [6, 0, 8, 12], "texture": "#3"},
				"up": {"uv": [10, 2, 8, 0], "texture": "#3"},
				"down": {"uv": [10, 2, 8, 4], "texture": "#3"}
			}
		},
		{
			"name": "RightArm",
			"from": [16, -6, 5],
			"to": [20, 18, 9],
			"faces": {
				"north": {"uv": [0, 0, 2, 12], "texture": "#3"},
				"east": {"uv": [2, 0, 4, 12], "texture": "#3"},
				"south": {"uv": [4, 0, 6, 12], "texture": "#3"},
				"west": {"uv": [6, 0, 8, 12], "texture": "#3"},
				"up": {"uv": [10, 2, 8, 0], "texture": "#3"},
				"down": {"uv": [10, 2, 8, 4], "texture": "#3"}
			}
		},
		{
			"name": "HeadPlate",
			"from": [2, 18, 1],
			"to": [14, 20, 13],
			"faces": {
				"north": {"uv": [6, 0, 12, 1], "texture": "#4"},
				"east": {"uv": [6, 1, 12, 2], "texture": "#4"},
				"south": {"uv": [6, 2, 12, 3], "texture": "#4"},
				"west": {"uv": [6, 3, 12, 4], "texture": "#4"},
				"up": {"uv": [6, 6, 0, 0], "texture": "#4"},
				"down": {"uv": [6, 6, 0, 12], "texture": "#4"}
			}
		},
		{
			"name": "Head",
			"from": [3, 20, 2],
			"to": [13, 28, 12],
			"faces": {
				"north": {"uv": [5, 0, 10, 4], "texture": "#5"},
				"east": {"uv": [5, 4, 10, 8], "texture": "#5"},
				"south": {"uv": [5, 8, 10, 12], "texture": "#5"},
				"west": {"uv": [0, 10, 5, 14], "texture": "#5"},
				"up": {"uv": [5, 5, 0, 0], "texture": "#5"},
				"down": {"uv": [5, 5, 0, 10], "texture": "#5"}
			}
		}
	],
	"display": {
		"thirdperson_righthand": {
			"rotation": [0, 180, 0],
			"scale": [0.3, 0.3, 0.3]
		},
		"thirdperson_lefthand": {
			"rotation": [0, 180, 0],
			"scale": [0.3, 0.3, 0.3]
		},
		"firstperson_righthand": {
			"rotation": [0, 180, 0],
			"scale": [0.3, 0.3, 0.3]
		},
		"firstperson_lefthand": {
			"rotation": [0, 180, 0],
			"scale": [0.3, 0.3, 0.3]
		},
		"gui": {
			"rotation": [0, 145, 0],
			"translation": [0, -1, 0],
			"scale": [0.5, 0.5, 0.5]
		},
		"head": {
			"translation": [0, 0, 0],
			"scale": [3, 3, 3]
		},
		"fixed": {
			"translation": [0, -3, -2.75]
		}
	}
}