{
    "parent": "item/generated",
    "textures": {
     "layer0": "item/stick"
    },
   
    "overrides": [
     { "predicate": {"custom_model_data": 370001}, "model": "item/golden_poppy"},
     { "predicate": {"custom_model_data": 370002}, "model": "item/delicious_touch_me_not"},
     { "predicate": {"custom_model_data": 370003}, "model": "item/ghost_flower"},
     { "predicate": {"custom_model_data": 370004}, "model": "item/hate_violet"},
     { "predicate": {"custom_model_data": 370005}, "model": "item/lifes_juniper"},
     { "predicate": {"custom_model_data": 370006}, "model": "item/regal_root"},
     { "predicate": {"custom_model_data": 370007}, "model": "item/silver_poppy"},
     { "predicate": {"custom_model_data": 370008}, "model": "item/skeletal_tulip"},
     { "predicate": {"custom_model_data": 370009}, "model": "item/spider_thistle"},
     { "predicate": {"custom_model_data": 370010}, "model": "item/void_button"},
     { "predicate": {"custom_model_data": 370011}, "model": "item/nightmare_hellebore"},
     { "predicate": {"custom_model_data": 370012}, "model": "item/fire_garlic"},
     { "predicate": {"custom_model_data": 370013}, "model": "item/ash_lotus"},
     { "predicate": {"custom_model_data": 370014}, "model": "item/sleepy_cornflower"},
     { "predicate": {"custom_model_data": 370015}, "model": "item/devils_wormwood"},
     { "predicate": {"custom_model_data": 370016}, "model": "item/glacier_lily"},
     { "predicate": {"custom_model_data": 370017}, "model": "item/sweet_ophelia"},
     { "predicate": {"custom_model_data": 370018}, "model": "item/twilight_sunflower"},
     { "predicate": {"custom_model_data": 370019}, "model": "item/echo_parsnip"},
     { "predicate": {"custom_model_data": 370020}, "model": "item/fragrant_hedge"},
     { "predicate": {"custom_model_data": 370021}, "model": "item/sugar_wild_rose"},
     { "predicate": {"custom_model_data": 370022}, "model": "item/serpent_pokeroot"}
   
    ]
   
    
}